Contorno,Redondez,Perimetro,Orientacion,Momento Hu 1,Momento Hu 2,Momento Hu 3,Momento Hu 4
0,0.3805122740851027,183.58073377609253,125.88146591186523,0.23857889053657783,0.016747333654413672,0.000243453495255348,5.514086787180561e-05
1,0.46916465869436214,172.42640614509583,74.03727722167969,0.19765244860962494,0.0051186693163705315,0.0018127570819340946,0.0006025360147033739
2,0.2621725486316321,143.39696848392487,100.48956203460693,0.40176397174294454,0.03114436130723395,0.010397787452780388,0.0032998449229916585
3,0.35154876895432663,105.01219236850739,96.92846250534058,0.22377443071282385,0.00333723225120393,0.0009214682232930947,0.0004298547997427773
4,0.3457371307827512,391.36247861385345,79.3294677734375,0.2521188756514213,0.021046405467978892,0.0003163655850604808,5.4612201568793305e-05
5,0.3113281665460037,385.7472548484802,113.70029258728027,0.23794518541992743,0.005191644204468359,0.0013152431190909667,0.0010269906556124898
6,0.32191113738986654,316.8944422006607,80.50296020507812,0.24782358293142137,0.002597758862775241,0.0005348195504826978,0.0012894927385207096
7,0.3878414631826831,184.71067667007446,93.96180129051208,0.24011998210753643,0.017136732372953493,0.00022488688322923865,5.608637174617828e-05
8,0.1702272215116508,153.09545278549194,68.31706237792969,0.6132328486529779,0.29116704051206577,0.036704204891691246,0.012319245023104764
9,0.36195901651777124,59.79898941516876,90.7017982006073,0.2234685689007052,0.001043506869521679,0.00028723516132550113,0.00048823492716504313
10,0.38770102864245065,98.5269113779068,94.32463264465332,0.24534336995961178,0.018272261474185533,0.0003150119053182655,5.621293594054713e-05
11,0.2837492160633068,196.85281217098236,107.16860771179199,0.36708775797345694,0.024926111737818207,0.007115845213027038,0.002248704597832541
12,0.4773118793310894,328.0243844985962,66.29275512695312,0.19957837707041276,0.0052353486827620204,0.0021801293693119797,0.0006504058411251536
13,0.3316389446357137,267.6812392473221,93.57026696205139,0.23633197459369615,0.004922424782787929,0.0012735275198291398,0.0009197014834047352
14,0.1272658241026638,38.485281229019165,106.05316734313965,0.8454074074058897,0.6724959615902291,0.018972188880402727,0.013535398661892545
15,0.4747731008868082,263.98989844322205,9.408706665039062,0.20026238942894092,0.00557394338119586,0.0021755307339305086,0.0006428196723591462
16,0.3917467224221221,161.63960874080658,168.2256088256836,0.23685631107246563,0.016371537722174326,0.0002348743365561812,4.891771975062075e-05
17,0.30753655910165656,214.30865573883057,111.62341499328613,0.24911438070995776,0.002803908940862293,0.0006198414256685191,0.0014868314485866401
18,0.1702272215116508,153.09545278549194,68.31706237792969,0.6132328486529963,0.29116704051207926,0.036704204889759104,0.012319245022266006
19,0.19666841796181492,310.6690466403961,103.74232578277588,0.5785430592632621,0.25271065079418575,0.03326025174925067,0.010500916035802743
20,0.38427433892690016,153.49747383594513,97.93989324569702,0.21179594857305628,0.002753802327822051,0.0005492601920290103,0.00025771325924607634
21,0.432848051300804,163.29646337032318,96.03497552871704,0.2004211251108646,0.0055340999697688345,0.002120771600528152,0.0006844508635931268
22,0.19320129275895717,381.0193336009979,76.12553405761719,0.5524932012596369,0.06048216909295614,0.026184619671249687,0.008792747331002836
23,0.2710600259086953,140.36753046512604,119.84986114501953,0.383790387950389,0.028979964329478976,0.008691622886781712,0.0026876923567395773
24,0.2817875794259284,67.11269760131836,90.0,0.3501962587200292,0.01934032570201821,0.005992348829057478,0.0020968783901902095
25,0.37310545515194,81.4558435678482,86.10789489746094,0.21882537102288369,0.001335314520436525,0.00017246986014909213,0.00037332291303509625
26,0.5023185780557664,88.91168749332428,46.04039001464844,0.19878934649723543,0.005571325398455463,0.0021318435866963985,0.0005032618137287407
27,0.1702186919005849,153.5807340145111,129.16789627075195,0.6184586293005561,0.2949312761566318,0.03885456771153853,0.012941662846155704
28,0.3089059674711013,150.32590067386627,11.372451782226562,0.24325093810614637,0.0056134329306956636,0.0016703270287940389,0.0014264406813543986
29,0.1789888809342059,215.17871296405792,129.2217559814453,0.5891808827915653,0.26564088241330963,0.03352141136234291,0.010897969075783755
30,0.2817875794259284,67.11269760131836,90.0,0.35019625871993787,0.019340325702043606,0.005992348827730051,0.0020968783909224046
31,0.3309937231457163,188.71067678928375,91.74266815185547,0.25608787692916407,0.022040807635774436,0.00041575094684968925,7.494445577055651e-05
32,0.3568538225022852,129.19595789909363,44.44227600097656,0.22156489550818725,0.001620422369565896,0.00021697585503060275,0.0004608008042068114
33,0.31636228804179606,251.70562541484833,42.25730895996094,0.24269901502665991,0.005770523197343973,0.0014661788427620128,0.0012032145842492815
34,0.3317364144980369,206.71067667007446,84.70854187011719,0.24283273514482268,0.0027654103783304176,0.000491748576189383,0.0011746672223486216
35,0.4423478455788735,226.3502857685089,142.13652420043945,0.20037568702203307,0.005422810927744403,0.0021535961176662828,0.0006642529954279812
